team,group,p_qualify,p_top_group,expected_points,team_win_prob,fifa_rank,fifa_points,last5_win_rate,last20_win_rate,group_opponent_fifa,group_difficulty,expected_knockout_matches,progression_factor,expected_tournament_matches,sim_score,fifa_expected,surprise_delta,year
Argentina,J,0.9947,0.9399,8.5089,0.2258,3,1874.81,0.4,0.7,1516.3866666666665,0.8088215161358573,2.51006,0.93788,5.51006,0.9976149999999999,0.32539682539682535,0.6722,2026
Germany,E,0.9986,0.8431,7.857,0.0407,10,1730.37,0.4,0.65,1474.1366666666665,0.8519199169349138,1.97455,0.6508453025823379,4.97455,0.6971340228023217,0.08928571428571429,0.6078,2026
Switzerland,B,0.9801,0.5127,6.8013,0.0016,19,1649.4,0.3,0.575,1465.76,0.8886625439553777,1.59028,0.5508782838864734,4.59028,0.603388272918188,0.041353383458646614,0.562,2026
Mexico,A,0.9746,0.6954,6.9511,0.0074,15,1681.03,0.4,0.6,1506.5900000000001,0.8962302873833305,1.7443399999999998,0.5786596221169522,4.744339999999999,0.613424548950835,0.05555555555555555,0.5579,2026
Brazil,C,0.9972,0.7124,7.0951,0.0563,6,1761.16,0.4,0.55,1515.3100000000002,0.8604045061209658,1.9073099999999998,0.6656539681950302,4.90731,0.7027764059073414,0.15674603174603174,0.546,2026
Morocco,C,0.9982,0.2766,6.769,0.0314,8,1755.87,0.3,0.725,1517.0733333333335,0.8640009416034977,1.49762,0.5903277532298429,4.4976199999999995,0.6569653876025459,0.11458333333333333,0.5424,2026
Japan,F,0.971,0.2278,5.974,0.0053,18,1660.43,0.4,0.65,1585.2300000000002,0.954710526791253,1.36069,0.5438605520176889,4.36069,0.5855829150321956,0.04431216931216931,0.5413,2026
Uruguay,H,0.9698,0.1153,5.803,0.0077,17,1673.07,0.2,0.45,1554.6533333333334,0.9292219293474472,1.27525,0.5197614091597978,4.27525,0.5847437003746434,0.047619047619047616,0.5371,2026
Belgium,G,0.9905,0.7492,6.9948,0.0174,9,1734.71,0.4,0.55,1486.7033333333331,0.8570327797345568,1.8314600000000003,0.6052473827384152,4.83146,0.6371071516180198,0.10052910052910052,0.5366,2026
Canada,B,0.9404,0.4107,5.3191,0.0005,30,1556.48,0.3,0.6,1496.7333333333333,0.9616142406798246,1.4582899999999999,0.52301993348417,4.45829,0.5489794083743774,0.021825396825396824,0.5272,2026
Ecuador,E,0.9658,0.1101,5.1004,0.0004,23,1594.78,0.4,0.6,1519.3333333333333,0.9526914893172308,1.2480399999999998,0.5262944849577382,4.24804,0.5551139039985653,0.03209109730848861,0.523,2026
United States,D,0.9372,0.6036,5.9588,0.0067,16,1673.13,0.2,0.5,1561.07,0.9330237339597042,1.62427,0.5332024935631385,4.62427,0.5721857040609624,0.05133928571428571,0.5208,2026
Croatia,L,0.9167,0.2138,6.2834,0.0218,11,1717.07,0.2,0.575,1570.9733333333334,0.9149151364436706,1.32558,0.5212650642453209,4.32558,0.5939960311520742,0.08008658008658008,0.5139,2026
Netherlands,F,0.9916,0.7326,6.9595,0.0222,7,1757.87,0.2,0.6,1552.75,0.8833133280618021,1.8315000000000001,0.5920678949796543,4.8315,0.6442126447253202,0.13265306122448978,0.5116,2026
Iran,G,0.9474,0.1511,5.044,0.0013,21,1615.3,0.4,0.6,1526.5066666666664,0.9450298190222661,1.26101,0.5211636748393729,4.26101,0.5469032730885925,0.03628117913832199,0.5106,2026
Portugal,K,0.9628,0.7252,7.3382,0.0548,5,1763.83,0.4,0.625,1545.5933333333332,0.8762711448004248,1.87252,0.6471290088220166,4.87252,0.6906853565648622,0.19047619047619047,0.5002,2026
Colombia,K,0.9032,0.2492,5.7432,0.0138,13,1693.09,0.4,0.5,1569.1733333333334,0.9268103487312154,1.3176999999999999,0.5246083156973151,4.3177,0.5628233834340558,0.06593406593406594,0.4969,2026
England,L,0.9764,0.7683,7.3743,0.0795,4,1825.97,0.4,0.725,1534.6733333333334,0.8404701793202152,1.9850700000000001,0.6943535738439714,4.98507,0.7359399737641453,0.24107142857142855,0.4949,2026
Senegal,I,0.9042,0.1119,5.4447,0.0088,14,1688.99,0.1,0.65,1625.1333333333334,0.962192395060559,1.19656,0.4787129098453615,4.19656,0.5485069789437687,0.060374149659863936,0.4881,2026
Ivory Coast,E,0.8955,0.0458,4.0722,0.0002,34,1532.98,0.4,0.625,1539.9333333333332,1.0045358278211935,1.11174,0.48704846491976694,4.11174,0.49900125890146735,0.017857142857142856,0.4811,2026
Spain,H,0.9973,0.8782,8.3795,0.2072,2,1876.4,0.3,0.7,1486.8766666666668,0.7924092233354652,2.41732,0.8968184005739117,5.41732,0.9669126550314675,0.494047619047619,0.4729,2026
South Korea,A,0.841,0.2168,4.6703,0.0011,25,1588.66,0.4,0.6,1537.38,0.9677212241763499,1.18539,0.47231259898600275,4.18539,0.4899295201514684,0.02857142857142857,0.4614,2026
Scotland,C,0.8526,0.0103,3.0732,0.0002,43,1498.35,0.4,0.55,1602.9133333333332,1.0697856531073069,1.03186,0.463523676827052,4.03186,0.45621496284674823,0.011627906976744186,0.4446,2026
Egypt,G,0.7693,0.0958,3.9265,0.0004,29,1563.24,0.2,0.5,1543.86,0.9876026713748368,1.0008,0.40799455746596514,4.0008,0.43909661827420615,0.022988505747126436,0.4161,2026
Türkiye,D,0.7559,0.201,4.2993,0.0007,22,1599.04,0.4,0.65,1585.7666666666667,0.9916991861783737,1.06963,0.4285174713344644,4.06963,0.44229422131925833,0.03409090909090909,0.4082,2026
Qatar,B,0.7393,0.0575,3.3522,0.0,55,1454.96,0.1,0.3,1530.5733333333335,1.0519693554003777,0.93316,0.3800736011091368,3.93316,0.4114777934280577,0.006493506493506492,0.405,2026
Austria,J,0.6826,0.0373,4.4062,0.0003,24,1593.45,0.4,0.675,1610.1733333333332,1.0104950474337653,0.84971,0.38114294048140895,3.84971,0.41120186681592735,0.030257936507936505,0.3809,2026
Australia,D,0.6935,0.1596,3.7365,0.0001,27,1580.67,0.1,0.55,1591.89,1.0070982558029191,0.9601299999999999,0.3640354146626994,3.96013,0.40005569282555303,0.025573192239858905,0.3745,2026
Czechia,A,0.5843,0.0657,3.2083,0.0001,41,1501.38,0.4,0.6,1566.4733333333334,1.0433556683406822,0.75397,0.333928715699328,3.75397,0.3385004570136385,0.012775842044134728,0.3257,2026
Algeria,J,0.4695,0.022,3.8854,0.0,28,1564.26,0.4,0.725,1619.9033333333334,1.0355716654094163,0.5809999999999998,0.2740937140944838,3.581,0.3026005532442501,0.024234693877551016,0.2784,2026
Sweden,F,0.5002,0.0227,2.6886,0.0,38,1514.77,0.1,0.475,1633.7833333333335,1.0785685835693428,0.6184,0.25935372254049704,3.6184,0.2882850075802983,0.014724310776942353,0.2736,2026
Tunisia,F,0.5174,0.0169,2.0368,0.0,44,1483.05,0.0,0.5,1644.3566666666666,1.1087668431048627,0.6344,0.25750859246392516,3.6344,0.28070457838263463,0.011093073593073594,0.2696,2026
Norway,I,0.4598,0.0073,2.8191,0.0,31,1550.94,0.3,0.675,1671.1499999999999,1.0775078339587603,0.5575999999999999,0.25834921683147016,3.5576,0.27317238409195077,0.02073732718894009,0.2524,2026
Saudi Arabia,H,0.446,0.0047,2.1475,0.0,61,1421.43,0.3,0.425,1638.5333333333335,1.1527358598969584,0.53896,0.25134399337067637,3.53896,0.25117655983734677,0.004683840749414521,0.2465,2026
Paraguay,D,0.3968,0.0358,2.4906,0.0,40,1503.5,0.2,0.525,1617.6133333333335,1.0758984591508702,0.5047999999999999,0.21894214608415735,3.5048,0.23710105701089446,0.013392857142857144,0.2237,2026
Bosnia and Herzegovina,B,0.3343,0.0191,2.1857,0.0,65,1385.84,0.2,0.475,1553.6133333333335,1.1210625565240817,0.41644,0.18690167693202553,3.41644,0.20180944323002972,0.003663003663003664,0.1981,2026
South Africa,A,0.3091,0.0221,2.1101,0.0,60,1429.73,0.3,0.525,1590.3566666666666,1.1123475528013447,0.38859999999999995,0.1846034032652606,3.3886,0.1886924802853483,0.00496031746031746,0.1837,2026
Panama,L,0.2261,0.0165,2.617,0.0001,33,1540.64,0.3,0.575,1629.7833333333335,1.0578612351576835,0.28476999999999997,0.14326315519479818,3.28477,0.16341206826773708,0.01875901875901876,0.1447,2026
Congo DR,K,0.2014,0.0154,2.2456,0.0,46,1478.35,0.1,0.625,1640.7533333333333,1.1098544548539475,0.254,0.11079856003442151,3.254,0.14341238080127866,0.010093167701863354,0.1333,2026
Cape Verde,H,0.2031,0.0018,1.3444,0.0,69,1366.13,0.2,0.525,1656.966666666667,1.2128909157010437,0.24516,0.12077419440172746,3.24516,0.12299485427023471,0.0027605244996549345,0.1202,2026
Uzbekistan,K,0.177,0.0102,2.0079,0.0,50,1465.34,0.0,0.5,1645.0900000000001,1.1226677767617073,0.22055999999999998,0.08837408189445671,3.22056,0.12684528963790853,0.008333333333333333,0.1185,2026
Iraq,I,0.1589,0.0017,1.442,0.0,57,1447.14,0.1,0.525,1705.75,1.1787042027723647,0.19204000000000002,0.0888616262559461,3.19204,0.1053989228337388,0.005847953216374268,0.0996,2026
Haiti,C,0.1403,0.0007,0.6933,0.0,83,1291.71,0.2,0.45,1671.793333333333,1.2942481929638487,0.16892000000000001,0.08957943921659244,3.16892,0.07943087843316998,0.00028686173264486596,0.0791,2026
New Zealand,G,0.1085,0.0039,0.886,0.0,85,1281.57,0.0,0.375,1637.75,1.2779247329447476,0.13332,0.05402285363696485,3.13332,0.06965025355803922,0.0,0.0697,2026
Curaçao,E,0.1117,0.001,0.8382,0.0,82,1294.65,0.2,0.475,1619.3766666666663,1.2508219724764733,0.13484,0.07542396627969053,3.13484,0.06996672407714274,0.00043554006968641175,0.0695,2026
Jordan,J,0.0681,0.0008,1.1964,0.0,63,1391.45,0.0,0.375,1677.506666666667,1.2055817073316806,0.08235999999999999,0.033802392930846276,3.08236,0.058766143743609625,0.004157218442932728,0.0546,2026
Ghana,L,0.0459,0.0014,0.9368,0.0,74,1346.31,0.1,0.375,1694.5600000000002,1.2586699942806636,0.05620000000000001,0.03283798060604129,3.0562,0.04267429744150243,0.0017696267696267706,0.0409,2026
France,I,0.9942,0.8791,8.2852,0.1862,1,1877.32,0.2,0.65,1562.3566666666668,0.8322271464996202,2.36182,0.853255398361387,5.36182,0.9307502222842147,1.0,-0.0692,2026
